"outcome","term","estimate","std.error","rep","seed"
"death","(Intercept)",-9.31330843720173,0.0944100016957413,1,1001
"death","ns(month, df = 3)1",0.350745811968053,0.0473218965825326,1,1001
"death","ns(month, df = 3)2",0.880288418178101,0.083144138351546,1,1001
"death","ns(month, df = 3)3",0.905536349672428,0.0423862495050367,1,1001
"death","age",0.0512534006524774,0.00106339818907316,1,1001
"death","sexFemale",-0.00217594783959553,0.0197121531065665,1,1001
"death","ecog1",0.664524706003425,0.023043104079884,1,1001
"death","ecog2",1.108095003556,0.0299064002646281,1,1001
"death","ecog3",1.63147841679463,0.045640329318466,1,1001
"death","cancer.typeBladder",0.0622170924891481,0.0361050874574681,1,1001
"death","cancer.typeKidney",0.0490985347587323,0.0358581574553656,1,1001
"death","cancer.typeMelanoma",-0.0491362836025286,0.0367917531695518,1,1001
"death","practice.typeCommunity",0.0509727696194341,0.021418837691595,1,1001
"death","initial.stageIV",0.530398176045239,0.0237130909442482,1,1001
"death","on.ici",-0.216203912472327,0.0271192421443986,1,1001
"irae","(Intercept)",-5.88081489670066,0.140696884613997,1,1001
"irae","ns(month, df = 3)1",-0.211977796707599,0.0791371626924377,1,1001
"irae","ns(month, df = 3)2",-0.334553996648445,0.116426946589495,1,1001
"irae","ns(month, df = 3)3",-0.292139011363595,0.088895445538618,1,1001
"irae","age",-0.00261594600687108,0.00173434341811316,1,1001
"irae","sexFemale",0.155503697488413,0.0328817850180772,1,1001
"irae","ecog1",-0.0850121535184207,0.0360032997061894,1,1001
"irae","ecog2",-0.0476182933956003,0.062943407399257,1,1001
"irae","ecog3",-0.27929541849125,0.141405591633808,1,1001
"irae","cancer.typeBladder",0.121912311606203,0.0615894744440179,1,1001
"irae","cancer.typeKidney",-0.0892549297709661,0.0671699140926747,1,1001
"irae","cancer.typeMelanoma",0.265515997987344,0.0567519669391925,1,1001
"irae","practice.typeCommunity",-0.0747893275904741,0.0352696261200614,1,1001
"irae","tx.combo",0.170919133782155,0.0333548898228099,1,1001
"irae","pd.l1Low",0.0261940921487512,0.039230863844691,1,1001
"irae","pd.l1High",0.315776696547743,0.0423659958915227,1,1001
"irae","on.ici",0.373876605671584,0.0509649782139793,1,1001
"death","(Intercept)",-9.20720470913607,0.0933683719992833,2,1002
"death","ns(month, df = 3)1",0.567601021845119,0.0461663017732276,2,1002
"death","ns(month, df = 3)2",1.04476642512698,0.0832637615782584,2,1002
"death","ns(month, df = 3)3",0.865769941646111,0.0423123849746163,2,1002
"death","age",0.0487826494900161,0.00106173959141212,2,1002
"death","sexFemale",0.032581490608904,0.0193058758768151,2,1002
"death","ecog1",0.56444569079294,0.0225118327496602,2,1002
"death","ecog2",1.20375608740434,0.0293403639152059,2,1002
"death","ecog3",1.44722688869749,0.0432127535858313,2,1002
"death","cancer.typeBladder",0.287446215707071,0.0332473828257633,2,1002
"death","cancer.typeKidney",0.177810352878902,0.033711737874986,2,1002
"death","cancer.typeMelanoma",-0.0391032869648706,0.037073622697675,2,1002
"death","practice.typeCommunity",0.0486662523170064,0.0209952754143166,2,1002
"death","initial.stageIV",0.478964434210365,0.0228065418431279,2,1002
"death","on.ici",-0.177517280609739,0.0262916070886654,2,1002
"irae","(Intercept)",-6.13863473824036,0.138607745379964,2,1002
"irae","ns(month, df = 3)1",-0.471376996425589,0.0772273504163944,2,1002
"irae","ns(month, df = 3)2",0.00181883224284058,0.115393116308457,2,1002
"irae","ns(month, df = 3)3",-0.149769510405143,0.0820161281678577,2,1002
"irae","age",0.000487821860240361,0.00169216459688842,2,1002
"irae","sexFemale",0.238059691198609,0.0318639954926213,2,1002
"irae","ecog1",0.0666804947371957,0.0342101112983708,2,1002
"irae","ecog2",0.0728028099246908,0.0632213074744898,2,1002
"irae","ecog3",-0.930172128686193,0.17328038088341,2,1002
"irae","cancer.typeBladder",-0.139242467726164,0.0659961153261786,2,1002
"irae","cancer.typeKidney",-0.185530852655598,0.0657671548902853,2,1002
"irae","cancer.typeMelanoma",0.158730676192791,0.0567546540108954,2,1002
"irae","practice.typeCommunity",0.0992577818473702,0.0353291323492857,2,1002
"irae","tx.combo",0.206246704509765,0.0323408557036053,2,1002
"irae","pd.l1Low",-0.131434103930211,0.038656697834646,2,1002
"irae","pd.l1High",0.180262106478078,0.0410982097142766,2,1002
"irae","on.ici",0.212332869014271,0.0486207501583268,2,1002
"death","(Intercept)",-8.93225891237995,0.092723003547222,3,1003
"death","ns(month, df = 3)1",0.509428375197808,0.0470827298397106,3,1003
"death","ns(month, df = 3)2",0.773934970770101,0.0818730407978327,3,1003
"death","ns(month, df = 3)3",1.05010619362433,0.0426516279642005,3,1003
"death","age",0.048117856490706,0.00104608840767069,3,1003
"death","sexFemale",0.00208843387392022,0.0197600286079081,3,1003
"death","ecog1",0.432032879185259,0.0228854626756552,3,1003
"death","ecog2",1.07963718999472,0.0293473526770215,3,1003
"death","ecog3",1.45279046953075,0.0445196846787136,3,1003
"death","cancer.typeBladder",0.193590895211433,0.0355920959559018,3,1003
"death","cancer.typeKidney",0.201316339893083,0.0362386854484117,3,1003
"death","cancer.typeMelanoma",-0.0720393722650905,0.0369657712248197,3,1003
"death","practice.typeCommunity",-0.0970952857243522,0.0209590857581711,3,1003
"death","initial.stageIV",0.45788944250313,0.0236192269456451,3,1003
"death","on.ici",-0.0283132682482878,0.0274797563173172,3,1003
"irae","(Intercept)",-6.2080536411511,0.139537685423128,3,1003
"irae","ns(month, df = 3)1",-0.151333322285628,0.0788232159604612,3,1003
"irae","ns(month, df = 3)2",-0.653394886549459,0.111631946257545,3,1003
"irae","ns(month, df = 3)3",-0.378319201763606,0.0928831678196068,3,1003
"irae","age",-0.00104799044163343,0.00170382660025179,3,1003
"irae","sexFemale",0.204528450773856,0.0323383960145857,3,1003
"irae","ecog1",0.210058587659509,0.0344702075515444,3,1003
"irae","ecog2",-0.183602184791756,0.070377134029038,3,1003
"irae","ecog3",-0.266888402636692,0.13883234068728,3,1003
"irae","cancer.typeBladder",0.0838433798310213,0.0617163682132887,3,1003
"irae","cancer.typeKidney",-0.14988774050626,0.0689943207168852,3,1003
"irae","cancer.typeMelanoma",0.375610104640921,0.0538203144177417,3,1003
"irae","practice.typeCommunity",0.0944360240748149,0.0358196695099371,3,1003
"irae","tx.combo",0.166573001119526,0.0328475662238955,3,1003
"irae","pd.l1Low",-0.0923793309257677,0.0394701491404136,3,1003
"irae","pd.l1High",0.275206857217641,0.0419873484886165,3,1003
"irae","on.ici",0.603901004687372,0.0523771725053911,3,1003
"death","(Intercept)",-9.38098022322734,0.0951298897130271,4,1004
"death","ns(month, df = 3)1",0.394631727917593,0.0476122197226324,4,1004
"death","ns(month, df = 3)2",1.02902107158922,0.0840126185714507,4,1004
"death","ns(month, df = 3)3",0.863720538373204,0.0435871712008247,4,1004
"death","age",0.0536315463476317,0.00107109242944807,4,1004
"death","sexFemale",0.0181924215582813,0.0198580932592504,4,1004
"death","ecog1",0.554311959825532,0.0234653026772934,4,1004
"death","ecog2",1.13229249809364,0.0296858507408176,4,1004
"death","ecog3",1.63445695407981,0.0446095127948914,4,1004
"death","cancer.typeBladder",0.0292372418036292,0.0361512316821162,4,1004
"death","cancer.typeKidney",0.170305900219584,0.0366826861054661,4,1004
"death","cancer.typeMelanoma",-0.0126777018455478,0.0384088375355874,4,1004
"death","practice.typeCommunity",0.00916791449785276,0.0219830623164043,4,1004
"death","initial.stageIV",0.360939303480513,0.0226188333635438,4,1004
"death","on.ici",-0.180168379925533,0.0273285556202652,4,1004
"irae","(Intercept)",-5.88012266761048,0.139776397399216,4,1004
"irae","ns(month, df = 3)1",-0.0412507307774144,0.0775476283473613,4,1004
"irae","ns(month, df = 3)2",-0.449475494521107,0.115209327463148,4,1004
"irae","ns(month, df = 3)3",-0.39465467295933,0.0887409828847336,4,1004
"irae","age",-0.00181134126533692,0.0017170216820761,4,1004
"irae","sexFemale",0.187038289286305,0.0323159852809553,4,1004
"irae","ecog1",-0.0385949049305418,0.0352591399175683,4,1004
"irae","ecog2",-0.0751924329859927,0.0628980791476099,4,1004
"irae","ecog3",0.00535542408467782,0.120263386588823,4,1004
"irae","cancer.typeBladder",-0.125310233762891,0.0658138389231516,4,1004
"irae","cancer.typeKidney",-0.294193811798247,0.0722769235283928,4,1004
"irae","cancer.typeMelanoma",0.271364138832632,0.0554134489903633,4,1004
"irae","practice.typeCommunity",-0.013092549611647,0.0355867511680173,4,1004
"irae","tx.combo",0.107954559780761,0.0328475800409714,4,1004
"irae","pd.l1Low",0.196198476706852,0.0378633801683893,4,1004
"irae","pd.l1High",0.251777102765668,0.0429805421829423,4,1004
"irae","on.ici",0.306649683619348,0.0494955675081722,4,1004
"death","(Intercept)",-9.33995709685357,0.0949161856316021,5,1005
"death","ns(month, df = 3)1",0.352247090734728,0.0476977986893457,5,1005
"death","ns(month, df = 3)2",0.927261240761527,0.0841853520937211,5,1005
"death","ns(month, df = 3)3",0.860436999394977,0.0430643175059534,5,1005
"death","age",0.0535735484762048,0.00106685400852925,5,1005
"death","sexFemale",0.0350804938697005,0.0198565559053112,5,1005
"death","ecog1",0.653741802190454,0.0237876468415128,5,1005
"death","ecog2",1.21394048170537,0.0300175525380408,5,1005
"death","ecog3",1.52050808926626,0.045878811575852,5,1005
"death","cancer.typeBladder",0.221572757749028,0.0339999913053895,5,1005
"death","cancer.typeKidney",0.18570374042838,0.0362052324443725,5,1005
"death","cancer.typeMelanoma",-0.194747349953812,0.0385567774271794,5,1005
"death","practice.typeCommunity",-0.118607717370867,0.0210914087703475,5,1005
"death","initial.stageIV",0.409355819301002,0.0234709599114481,5,1005
"death","on.ici",-0.245859099899916,0.0274156761026801,5,1005
"irae","(Intercept)",-6.13917132684026,0.135342029385157,5,1005
"irae","ns(month, df = 3)1",-0.405900348743449,0.0769050293509017,5,1005
"irae","ns(month, df = 3)2",-0.506038573145478,0.109664622399366,5,1005
"irae","ns(month, df = 3)3",-0.46269448135356,0.0885073318875855,5,1005
"irae","age",0.00129977810284029,0.00164420150676793,5,1005
"irae","sexFemale",0.206989365782852,0.0313804875525642,5,1005
"irae","ecog1",-0.0639635032816755,0.0344450148817664,5,1005
"irae","ecog2",-0.0194811830817702,0.0594912121845023,5,1005
"irae","ecog3",-0.106634400457281,0.115415910001352,5,1005
"irae","cancer.typeBladder",0.17256945633897,0.0576837393448881,5,1005
"irae","cancer.typeKidney",-0.12678609042463,0.0645111727630491,5,1005
"irae","cancer.typeMelanoma",-0.0404853463855627,0.060858266446176,5,1005
"irae","practice.typeCommunity",0.0665563067001522,0.0344786781957947,5,1005
"irae","tx.combo",0.262688784889505,0.0317916883563395,5,1005
"irae","pd.l1Low",0.100899975829103,0.0368205413753527,5,1005
"irae","pd.l1High",0.274236110831815,0.0412462684225653,5,1005
"irae","on.ici",0.36584034724878,0.0501518102771212,5,1005
"death","(Intercept)",-9.28492670256294,0.095437286297705,6,1006
"death","ns(month, df = 3)1",0.432113816436589,0.0478677093237006,6,1006
"death","ns(month, df = 3)2",0.754656335681607,0.08379517111397,6,1006
"death","ns(month, df = 3)3",0.731457238331966,0.043434517483635,6,1006
"death","age",0.0528764796794631,0.00107072459449919,6,1006
"death","sexFemale",0.0206737066251152,0.0199594385023536,6,1006
"death","ecog1",0.510331556790422,0.0232045768107994,6,1006
"death","ecog2",0.988266015065079,0.0303248396791632,6,1006
"death","ecog3",1.62597031839677,0.0445514472202181,6,1006
"death","cancer.typeBladder",0.200962580554128,0.0350733459526416,6,1006
"death","cancer.typeKidney",0.312974555090372,0.0347781144634067,6,1006
"death","cancer.typeMelanoma",-0.0850417184404998,0.0382524524131175,6,1006
"death","practice.typeCommunity",0.07823544681286,0.0221171549347514,6,1006
"death","initial.stageIV",0.43138307257438,0.0232996806537535,6,1006
"death","on.ici",-0.237369114499844,0.0272254044667246,6,1006
"irae","(Intercept)",-5.90013598391489,0.137079182055173,6,1006
"irae","ns(month, df = 3)1",-0.157483060337519,0.0777648233044909,6,1006
"irae","ns(month, df = 3)2",-0.366093018021388,0.115475178543447,6,1006
"irae","ns(month, df = 3)3",-0.553990733735289,0.0895854582872826,6,1006
"irae","age",-0.00059552030794556,0.00166588851326366,6,1006
"irae","sexFemale",0.212944786750634,0.0320855626865368,6,1006
"irae","ecog1",-0.123988323995169,0.0355904005878054,6,1006
"irae","ecog2",0.15728571037951,0.056300584946313,6,1006
"irae","ecog3",-0.0147718176455031,0.118384785279357,6,1006
"irae","cancer.typeBladder",0.00329846056172359,0.0623565882475799,6,1006
"irae","cancer.typeKidney",-0.083422537174254,0.0644221333836099,6,1006
"irae","cancer.typeMelanoma",0.268983092081212,0.0552278755493257,6,1006
"irae","practice.typeCommunity",-0.0298870511142351,0.0349815574176315,6,1006
"irae","tx.combo",0.214884128087541,0.0325987004827185,6,1006
"irae","pd.l1Low",-0.125736014016711,0.0385896161439761,6,1006
"irae","pd.l1High",0.0571601336227938,0.0433484573656169,6,1006
"irae","on.ici",0.287861781627534,0.0488077569147605,6,1006
"death","(Intercept)",-8.93090861481885,0.0948458216186237,7,1007
"death","ns(month, df = 3)1",0.33339000936839,0.0473903092501335,7,1007
"death","ns(month, df = 3)2",1.06366828917001,0.0842588529619445,7,1007
"death","ns(month, df = 3)3",0.952233539995044,0.042952998886763,7,1007
"death","age",0.0462693856619428,0.00107174745184807,7,1007
"death","sexFemale",-0.0226013892409443,0.0198532459355519,7,1007
"death","ecog1",0.562128956605671,0.023178403456303,7,1007
"death","ecog2",1.24131287471049,0.0299765320886846,7,1007
"death","ecog3",1.43072616883286,0.0463472637904889,7,1007
"death","cancer.typeBladder",0.18132578356757,0.0349836656963759,7,1007
"death","cancer.typeKidney",0.144349705353921,0.0364116798015555,7,1007
"death","cancer.typeMelanoma",0.0422885776607017,0.0358963566005872,7,1007
"death","practice.typeCommunity",0.0658107487107894,0.0219137956928845,7,1007
"death","initial.stageIV",0.367315889542293,0.0224273453288721,7,1007
"death","on.ici",-0.155002512525968,0.0273776609364524,7,1007
"irae","(Intercept)",-5.7305872379743,0.1391435223329,7,1007
"irae","ns(month, df = 3)1",-0.484339896695905,0.07813524518351,7,1007
"irae","ns(month, df = 3)2",-0.0928595311041152,0.114915315516319,7,1007
"irae","ns(month, df = 3)3",-0.260161916866289,0.0854345342155558,7,1007
"irae","age",-0.00396283588147283,0.0016965152201752,7,1007
"irae","sexFemale",0.27199976125727,0.032038590206693,7,1007
"irae","ecog1",0.0374586108637765,0.0350827350195486,7,1007
"irae","ecog2",0.162995019228927,0.0617351666667218,7,1007
"irae","ecog3",0.59773621697492,0.0903433102401806,7,1007
"irae","cancer.typeBladder",-0.163615305928038,0.0657697941070203,7,1007
"irae","cancer.typeKidney",-0.0935757884712112,0.0639639532076358,7,1007
"irae","cancer.typeMelanoma",0.00603649062966036,0.059999718929025,7,1007
"irae","practice.typeCommunity",-0.140697956847124,0.0342666388208629,7,1007
"irae","tx.combo",0.203909508470872,0.0324470873779998,7,1007
"irae","pd.l1Low",-0.0548304877130818,0.037731998622239,7,1007
"irae","pd.l1High",0.104435564690727,0.0430205368015989,7,1007
"irae","on.ici",0.248930527237591,0.0495595517800981,7,1007
"death","(Intercept)",-8.80704480480867,0.0928288563671419,8,1008
"death","ns(month, df = 3)1",0.422575005764708,0.0468838849973169,8,1008
"death","ns(month, df = 3)2",0.642044621535569,0.0820082681532826,8,1008
"death","ns(month, df = 3)3",0.822042824930504,0.0423687284091139,8,1008
"death","age",0.0458889876708771,0.00106399999715315,8,1008
"death","sexFemale",0.0439488442915713,0.0195840356434959,8,1008
"death","ecog1",0.509996031830439,0.0229936347568025,8,1008
"death","ecog2",1.06787629297128,0.0298062942930153,8,1008
"death","ecog3",1.6223170159287,0.0414592302484879,8,1008
"death","cancer.typeBladder",0.347637553490731,0.0339247380883181,8,1008
"death","cancer.typeKidney",0.250455950880507,0.0349018529744114,8,1008
"death","cancer.typeMelanoma",-0.0791590998648701,0.0372449782212797,8,1008
"death","practice.typeCommunity",0.0495434323052198,0.0214023716993288,8,1008
"death","initial.stageIV",0.484400492740466,0.023226919560854,8,1008
"death","on.ici",-0.238142922729397,0.0271120331860612,8,1008
"irae","(Intercept)",-5.48413935800515,0.140219327687269,8,1008
"irae","ns(month, df = 3)1",-0.244816286428255,0.0798143744641768,8,1008
"irae","ns(month, df = 3)2",-0.801615301691405,0.113501726192125,8,1008
"irae","ns(month, df = 3)3",-0.531959781936802,0.0912212881025942,8,1008
"irae","age",-0.00605179068171404,0.00175133041496845,8,1008
"irae","sexFemale",0.250210985104603,0.0328167964473753,8,1008
"irae","ecog1",-0.0256519981486429,0.0361323083654998,8,1008
"irae","ecog2",0.0698195109868212,0.0611085105121277,8,1008
"irae","ecog3",-0.00960556657938881,0.117217988869647,8,1008
"irae","cancer.typeBladder",-0.259379489283515,0.0717660164352322,8,1008
"irae","cancer.typeKidney",-0.08040414932881,0.0640834825561574,8,1008
"irae","cancer.typeMelanoma",-0.0410977094333561,0.062702281759378,8,1008
"irae","practice.typeCommunity",-0.0508242489335083,0.0351708342146168,8,1008
"irae","tx.combo",0.298787750021684,0.0332418104176768,8,1008
"irae","pd.l1Low",-0.22918358660941,0.0414078058686332,8,1008
"irae","pd.l1High",0.313961717451527,0.0404524493130585,8,1008
"irae","on.ici",0.291283255079711,0.0510492840630733,8,1008
"death","(Intercept)",-9.38654399617555,0.0966203339291967,9,1009
"death","ns(month, df = 3)1",0.429700462713376,0.048043820620284,9,1009
"death","ns(month, df = 3)2",0.742258351613544,0.0826743137523066,9,1009
"death","ns(month, df = 3)3",0.851641603612234,0.043466989039609,9,1009
"death","age",0.0534873409609962,0.00109673225207321,9,1009
"death","sexFemale",0.0485909913270588,0.0200627116341881,9,1009
"death","ecog1",0.623331535612491,0.0237699300568721,9,1009
"death","ecog2",1.1536665017273,0.0307583310070586,9,1009
"death","ecog3",1.62831206685992,0.0429097846564583,9,1009
"death","cancer.typeBladder",0.385969433018267,0.0328648699296068,9,1009
"death","cancer.typeKidney",0.204294244751904,0.0372610762434364,9,1009
"death","cancer.typeMelanoma",0.0955811904876746,0.035770518804849,9,1009
"death","practice.typeCommunity",0.0398733088335754,0.0220260067463646,9,1009
"death","initial.stageIV",0.350045652502196,0.022916260994502,9,1009
"death","on.ici",-0.18101109283983,0.0276482234854099,9,1009
"irae","(Intercept)",-5.68331117016873,0.135518161166063,9,1009
"irae","ns(month, df = 3)1",-0.228611421914372,0.0760469876239171,9,1009
"irae","ns(month, df = 3)2",-0.554567117532323,0.109635024458027,9,1009
"irae","ns(month, df = 3)3",-0.395381850729115,0.085440493614898,9,1009
"irae","age",-0.0035331337722985,0.00167336683146135,9,1009
"irae","sexFemale",0.24183036453732,0.0313705834809373,9,1009
"irae","ecog1",0.073891648859548,0.0339699461274742,9,1009
"irae","ecog2",0.0634989997666593,0.0599987124839229,9,1009
"irae","ecog3",-0.0997325226105572,0.117088539843196,9,1009
"irae","cancer.typeBladder",-0.0558861979406709,0.0631031000736505,9,1009
"irae","cancer.typeKidney",-0.124868332963921,0.0652096904755865,9,1009
"irae","cancer.typeMelanoma",0.0826510726220574,0.0572209402845599,9,1009
"irae","practice.typeCommunity",-0.0215239105615825,0.0339410908877831,9,1009
"irae","tx.combo",0.133182815669381,0.0318143663139143,9,1009
"irae","pd.l1Low",0.0514000916478344,0.0370478756709423,9,1009
"irae","pd.l1High",0.198793034996063,0.0416273375062978,9,1009
"irae","on.ici",0.323081576252291,0.048503541838003,9,1009
"death","(Intercept)",-9.1730407979068,0.0953468430869897,10,1010
"death","ns(month, df = 3)1",0.532767052016894,0.0476846985307636,10,1010
"death","ns(month, df = 3)2",0.809078974691769,0.0845364636157411,10,1010
"death","ns(month, df = 3)3",0.92042417103228,0.0430858608477578,10,1010
"death","age",0.0507408699478589,0.00109093411876976,10,1010
"death","sexFemale",0.00938249749159584,0.0199132725221903,10,1010
"death","ecog1",0.533629493399122,0.0230296918775308,10,1010
"death","ecog2",1.01380023194825,0.0302902992732664,10,1010
"death","ecog3",1.38088061650106,0.046430483059828,10,1010
"death","cancer.typeBladder",0.160630137514358,0.0356444238177816,10,1010
"death","cancer.typeKidney",0.0705279441684268,0.0372578802541714,10,1010
"death","cancer.typeMelanoma",-0.279777038956099,0.0403199415033041,10,1010
"death","practice.typeCommunity",-0.0220381622264807,0.0215246625550538,10,1010
"death","initial.stageIV",0.497945516107831,0.0236090780693157,10,1010
"death","on.ici",-0.139945649615339,0.0274162450937398,10,1010
"irae","(Intercept)",-5.95252067010006,0.143652717888938,10,1010
"irae","ns(month, df = 3)1",-0.265916868940391,0.0790069351880791,10,1010
"irae","ns(month, df = 3)2",0.0529767007112052,0.119127655659591,10,1010
"irae","ns(month, df = 3)3",0.035050986682421,0.0873810306796011,10,1010
"irae","age",-0.00891427264035355,0.00177139113648305,10,1010
"irae","sexFemale",0.103708691065505,0.0332410995558637,10,1010
"irae","ecog1",0.145399855144231,0.0357609145503305,10,1010
"irae","ecog2",-0.141607096346159,0.0721254629500462,10,1010
"irae","ecog3",0.204503372535151,0.113448993286645,10,1010
"irae","cancer.typeBladder",0.149135929631412,0.0613364535688177,10,1010
"irae","cancer.typeKidney",-0.0421886365473867,0.0659320991071982,10,1010
"irae","cancer.typeMelanoma",0.00882898435620856,0.063124306693737,10,1010
"irae","practice.typeCommunity",0.0797224444905167,0.0369909202859151,10,1010
"irae","tx.combo",0.348751694725463,0.0337043803317951,10,1010
"irae","pd.l1Low",-0.125673308025928,0.0405048166142695,10,1010
"irae","pd.l1High",0.304169655643835,0.0419696808621344,10,1010
"irae","on.ici",0.537097196380525,0.0525134760742649,10,1010
"death","(Intercept)",-8.95755009082791,0.0948864309653771,11,1011
"death","ns(month, df = 3)1",0.360884407338403,0.0474616329541092,11,1011
"death","ns(month, df = 3)2",0.786081131556787,0.0829740539230727,11,1011
"death","ns(month, df = 3)3",0.840465058692498,0.0425539351636604,11,1011
"death","age",0.0493151320434045,0.00108727781220186,11,1011
"death","sexFemale",-0.00359184853629517,0.0196954599436101,11,1011
"death","ecog1",0.531886641047527,0.0230515551599444,11,1011
"death","ecog2",1.00208684441919,0.0305227123186028,11,1011
"death","ecog3",1.34663798462969,0.045140177643375,11,1011
"death","cancer.typeBladder",0.354981052121511,0.0337653297213864,11,1011
"death","cancer.typeKidney",0.327138141654112,0.0343235665892972,11,1011
"death","cancer.typeMelanoma",-0.224526714503758,0.0394731033910152,11,1011
"death","practice.typeCommunity",0.137826001671383,0.0220330511744575,11,1011
"death","initial.stageIV",0.288163038332704,0.0221478330190554,11,1011
"death","on.ici",-0.218912236306765,0.0272384343901132,11,1011
"irae","(Intercept)",-6.34330445667327,0.140700762726215,11,1011
"irae","ns(month, df = 3)1",-0.0357559273716133,0.0776067348389156,11,1011
"irae","ns(month, df = 3)2",-0.407031513560381,0.114596051234604,11,1011
"irae","ns(month, df = 3)3",-0.464470230598825,0.0924199774007606,11,1011
"irae","age",0.00397784960592612,0.00172585964269944,11,1011
"irae","sexFemale",0.284492628248718,0.0321366806556664,11,1011
"irae","ecog1",-0.137073693770745,0.0352506909061573,11,1011
"irae","ecog2",-0.335966087251678,0.0707354675384799,11,1011
"irae","ecog3",-0.156255157999377,0.113891696170999,11,1011
"irae","cancer.typeBladder",-0.0991885398440068,0.0655854201320428,11,1011
"irae","cancer.typeKidney",0.0613923056200823,0.0596999714923411,11,1011
"irae","cancer.typeMelanoma",0.13031011307724,0.0573444236780621,11,1011
"irae","practice.typeCommunity",0.000469427491997837,0.0350351646645339,11,1011
"irae","tx.combo",0.306274322863378,0.0325775277298446,11,1011
"irae","pd.l1Low",-0.140613452630864,0.0385067399705126,11,1011
"irae","pd.l1High",-0.0447015721076036,0.0436131130730381,11,1011
"irae","on.ici",0.465393134511389,0.0503552019199686,11,1011
"death","(Intercept)",-9.12043020019826,0.0939224553341005,12,1012
"death","ns(month, df = 3)1",0.572688423927793,0.0479992905544315,12,1012
"death","ns(month, df = 3)2",0.736586387802722,0.083863765221494,12,1012
"death","ns(month, df = 3)3",0.882076757690676,0.0437767332790571,12,1012
"death","age",0.0514764532251242,0.00107837535633438,12,1012
"death","sexFemale",-0.0318508744062633,0.0201848786283785,12,1012
"death","ecog1",0.520084218208096,0.0237539104144652,12,1012
"death","ecog2",1.07081940840986,0.0302522612838031,12,1012
"death","ecog3",1.50661022390129,0.0439318324046217,12,1012
"death","cancer.typeBladder",0.107847138793316,0.0356147910365452,12,1012
"death","cancer.typeKidney",0.087503727930611,0.0373211504503564,12,1012
"death","cancer.typeMelanoma",-0.276173214446697,0.0409397891465421,12,1012
"death","practice.typeCommunity",-0.0442848596309384,0.0218555960422896,12,1012
"death","initial.stageIV",0.432916310195001,0.0233514106174631,12,1012
"death","on.ici",-0.139253702705203,0.0275330024607414,12,1012
"irae","(Intercept)",-5.59398160828043,0.136253485792862,12,1012
"irae","ns(month, df = 3)1",-0.0540015427218842,0.0768431357958146,12,1012
"irae","ns(month, df = 3)2",-0.848957473446021,0.109796906764588,12,1012
"irae","ns(month, df = 3)3",-0.449609274091669,0.0862596840150605,12,1012
"irae","age",-0.00323974916995483,0.00170659455769868,12,1012
"irae","sexFemale",0.167471224784681,0.0318568214557948,12,1012
"irae","ecog1",-0.0329307196367663,0.034858295336326,12,1012
"irae","ecog2",-0.250282410651776,0.066266781253685,12,1012
"irae","ecog3",-0.0661335169252661,0.115915819497889,12,1012
"irae","cancer.typeBladder",0.13514747497026,0.0607898535675221,12,1012
"irae","cancer.typeKidney",0.0355360827998537,0.0635310366278304,12,1012
"irae","cancer.typeMelanoma",0.204806319286631,0.0568250649031309,12,1012
"irae","practice.typeCommunity",-0.0890706913988743,0.0343716359579638,12,1012
"irae","tx.combo",0.189432507583629,0.0322512003909802,12,1012
"irae","pd.l1Low",0.174815730005827,0.0377825910213346,12,1012
"irae","pd.l1High",0.389724690354042,0.0419327410260719,12,1012
"irae","on.ici",0.282687501113071,0.0482548422913866,12,1012
"death","(Intercept)",-9.00592966439011,0.0923296302287345,13,1013
"death","ns(month, df = 3)1",0.391474765266189,0.0469091674084659,13,1013
"death","ns(month, df = 3)2",0.745971682136811,0.0823213797498025,13,1013
"death","ns(month, df = 3)3",0.774992826638853,0.0427723675145544,13,1013
"death","age",0.0497019662800139,0.00104707843107555,13,1013
"death","sexFemale",0.0990295378418979,0.0196130753919627,13,1013
"death","ecog1",0.497410577081722,0.0230464886973035,13,1013
"death","ecog2",0.972678514218392,0.0302456872709473,13,1013
"death","ecog3",1.49677793661605,0.0437739122049702,13,1013
"death","cancer.typeBladder",0.122802228707032,0.0346734141716578,13,1013
"death","cancer.typeKidney",0.183072117277142,0.0344406604881439,13,1013
"death","cancer.typeMelanoma",-0.0415633651405753,0.0383072764333172,13,1013
"death","practice.typeCommunity",0.00568144698739524,0.0216239793363246,13,1013
"death","initial.stageIV",0.404707385449304,0.0230371978198954,13,1013
"death","on.ici",-0.22085908891083,0.0270955440895612,13,1013
"irae","(Intercept)",-5.9864954876504,0.138950809499343,13,1013
"irae","ns(month, df = 3)1",-0.375771316186048,0.0767571488440049,13,1013
"irae","ns(month, df = 3)2",0.187574290863173,0.116876671225714,13,1013
"irae","ns(month, df = 3)3",0.0328732741690193,0.0842341648755593,13,1013
"irae","age",-0.00541621099843462,0.00168934088873146,13,1013
"irae","sexFemale",0.25550934784867,0.0321576361386416,13,1013
"irae","ecog1",0.0341461390983014,0.0349713224471426,13,1013
"irae","ecog2",-0.0157368650119197,0.0628006689275873,13,1013
"irae","ecog3",-0.309809796788428,0.133935928057515,13,1013
"irae","cancer.typeBladder",-0.176468861264958,0.0676968761950344,13,1013
"irae","cancer.typeKidney",0.100225858973303,0.0599993883479074,13,1013
"irae","cancer.typeMelanoma",0.144292045161625,0.0572982752872956,13,1013
"irae","practice.typeCommunity",-0.121892156693129,0.0345660655666745,13,1013
"irae","tx.combo",0.282958680128669,0.0324857129814518,13,1013
"irae","pd.l1Low",0.0242773642302087,0.0377837825627587,13,1013
"irae","pd.l1High",0.233180278570287,0.0423644238023726,13,1013
"irae","on.ici",0.456447008399954,0.0509595717626043,13,1013
"death","(Intercept)",-9.29736198868007,0.0972250735293953,14,1014
"death","ns(month, df = 3)1",0.404905699685352,0.0482130915810543,14,1014
"death","ns(month, df = 3)2",0.748276636858751,0.0840782058087124,14,1014
"death","ns(month, df = 3)3",0.775331933359163,0.0433214240910725,14,1014
"death","age",0.0550093290651795,0.0011054603922818,14,1014
"death","sexFemale",-0.0336359255195019,0.0201165149291874,14,1014
"death","ecog1",0.523331496268835,0.0235345769204644,14,1014
"death","ecog2",1.10962992378614,0.0297846822733596,14,1014
"death","ecog3",1.45636852511244,0.0470195713264497,14,1014
"death","cancer.typeBladder",0.174270523786952,0.0355614594111049,14,1014
"death","cancer.typeKidney",0.114130786036367,0.0363518103193964,14,1014
"death","cancer.typeMelanoma",-0.0579343867176454,0.0368224636403287,14,1014
"death","practice.typeCommunity",0.0283875699106434,0.0216369186436807,14,1014
"death","initial.stageIV",0.355299736008374,0.0227962121420935,14,1014
"death","on.ici",-0.249731480686085,0.0274484355004986,14,1014
"irae","(Intercept)",-6.26058557361425,0.143355557129113,14,1014
"irae","ns(month, df = 3)1",-0.137986382883571,0.0785599720521408,14,1014
"irae","ns(month, df = 3)2",0.220754452923493,0.121665343211237,14,1014
"irae","ns(month, df = 3)3",-0.0388242229649692,0.0862611948562506,14,1014
"irae","age",-0.00286187221771241,0.00176508819745511,14,1014
"irae","sexFemale",0.17899172884612,0.0330132804288475,14,1014
"irae","ecog1",0.0979558026116345,0.0357612468924401,14,1014
"irae","ecog2",0.0446045357778654,0.0630041974473812,14,1014
"irae","ecog3",0.13443267182381,0.116087336823731,14,1014
"irae","cancer.typeBladder",-0.0738759393334606,0.0671128309422032,14,1014
"irae","cancer.typeKidney",-0.0928554420403618,0.0669412070986386,14,1014
"irae","cancer.typeMelanoma",0.302271652939221,0.0564651989786959,14,1014
"irae","practice.typeCommunity",-0.0612280861411918,0.0355141672544561,14,1014
"irae","tx.combo",0.307582687636639,0.0333365332739974,14,1014
"irae","pd.l1Low",-0.0497987642163726,0.0401083145093807,14,1014
"irae","pd.l1High",0.37155120757774,0.0416663146398397,14,1014
"irae","on.ici",0.407522425069449,0.0503458466428996,14,1014
"death","(Intercept)",-9.23850147344732,0.0953838805769955,15,1015
"death","ns(month, df = 3)1",0.58921434230762,0.0476123251052834,15,1015
"death","ns(month, df = 3)2",0.905205216886578,0.0847116702507493,15,1015
"death","ns(month, df = 3)3",0.892623532383209,0.0435195186164991,15,1015
"death","age",0.0493452496697699,0.00107524461993848,15,1015
"death","sexFemale",0.0354009834507226,0.0199333071254688,15,1015
"death","ecog1",0.663830677864631,0.0233634507655877,15,1015
"death","ecog2",1.07411089048753,0.0307683360706533,15,1015
"death","ecog3",1.55921200965971,0.0457382947798672,15,1015
"death","cancer.typeBladder",0.108714449825596,0.0356721165312353,15,1015
"death","cancer.typeKidney",0.110624161090706,0.0373478135698701,15,1015
"death","cancer.typeMelanoma",0.0435941579367733,0.0364107194305349,15,1015
"death","practice.typeCommunity",0.0502094570400442,0.0218947011601715,15,1015
"death","initial.stageIV",0.4172821821221,0.0234345117233378,15,1015
"death","on.ici",-0.126526488986487,0.027356431807026,15,1015
"irae","(Intercept)",-6.19509584937922,0.139083519457242,15,1015
"irae","ns(month, df = 3)1",-0.297084003756702,0.0762122077569134,15,1015
"irae","ns(month, df = 3)2",-0.0752855466631831,0.11420561361513,15,1015
"irae","ns(month, df = 3)3",-0.00976642295681752,0.0805842980628571,15,1015
"irae","age",0.000185608732180997,0.00167685647323373,15,1015
"irae","sexFemale",0.193156479429439,0.0318645348327832,15,1015
"irae","ecog1",-0.0405748768744376,0.034799624292324,15,1015
"irae","ecog2",0.000529909115214658,0.0605061126973071,15,1015
"irae","ecog3",-0.173130698328648,0.127222695945107,15,1015
"irae","cancer.typeBladder",-0.190812768012434,0.0690100134615167,15,1015
"irae","cancer.typeKidney",-0.00414690310166618,0.0624048115801978,15,1015
"irae","cancer.typeMelanoma",0.245686274414926,0.0568605760017277,15,1015
"irae","practice.typeCommunity",-0.000749501365888884,0.0347167364566368,15,1015
"irae","tx.combo",0.30838808479425,0.0323459947463255,15,1015
"irae","pd.l1Low",0.107320280094993,0.0378760959514616,15,1015
"irae","pd.l1High",0.393856255165136,0.0413726430838006,15,1015
"irae","on.ici",0.299634875168323,0.048452914641668,15,1015
"death","(Intercept)",-9.02081337965265,0.09493191898296,16,1016
"death","ns(month, df = 3)1",0.326578248241002,0.0478079376868502,16,1016
"death","ns(month, df = 3)2",0.944045784026126,0.0843991141342267,16,1016
"death","ns(month, df = 3)3",1.01195616161521,0.0427448301015337,16,1016
"death","age",0.0486827846263479,0.00107531039881291,16,1016
"death","sexFemale",0.0177725253874638,0.0199540833126286,16,1016
"death","ecog1",0.589972264621661,0.023371086368584,16,1016
"death","ecog2",1.1682428556361,0.030686783348363,16,1016
"death","ecog3",1.51197883794954,0.0442234697056442,16,1016
"death","cancer.typeBladder",0.0790322396377244,0.0357652715009641,16,1016
"death","cancer.typeKidney",-0.0324793333072609,0.0378190965774323,16,1016
"death","cancer.typeMelanoma",-0.0644826243138527,0.0369431883405028,16,1016
"death","practice.typeCommunity",-0.114208444504313,0.0212715960632927,16,1016
"death","initial.stageIV",0.461180986327905,0.0234294274183582,16,1016
"death","on.ici",-0.156265936523809,0.0277244756769747,16,1016
"irae","(Intercept)",-5.93065202289634,0.133326047590443,16,1016
"irae","ns(month, df = 3)1",-0.516323548354632,0.0765394044847498,16,1016
"irae","ns(month, df = 3)2",-0.81182750111304,0.105422029599046,16,1016
"irae","ns(month, df = 3)3",-0.335325234724147,0.0824865339259294,16,1016
"irae","age",0.00444449247555349,0.00163043313680087,16,1016
"irae","sexFemale",0.122506520837531,0.0311855297407948,16,1016
"irae","ecog1",-0.133391236194422,0.0343943626220461,16,1016
"irae","ecog2",0.0738368106286007,0.05824988888349,16,1016
"irae","ecog3",-0.449995435972565,0.129562747877442,16,1016
"irae","cancer.typeBladder",-0.0928743421307576,0.0622800535891074,16,1016
"irae","cancer.typeKidney",-0.181113947746485,0.0634321285143097,16,1016
"irae","cancer.typeMelanoma",-0.1609598757556,0.0634517855787362,16,1016
"irae","practice.typeCommunity",0.0475744231070577,0.0343961899705116,16,1016
"irae","tx.combo",0.306091361518357,0.0316010931173581,16,1016
"irae","pd.l1Low",-0.122364988929437,0.0376661546378345,16,1016
"irae","pd.l1High",0.245439384788055,0.0400600318710831,16,1016
"irae","on.ici",0.255151373074432,0.048774587200483,16,1016
"death","(Intercept)",-9.17661006100285,0.0954053220043691,17,1017
"death","ns(month, df = 3)1",0.405979673919602,0.0477201701393307,17,1017
"death","ns(month, df = 3)2",0.718624972986328,0.0825952259235604,17,1017
"death","ns(month, df = 3)3",0.846196881889347,0.0433749596497614,17,1017
"death","age",0.0530930668658767,0.00108231942831108,17,1017
"death","sexFemale",-0.0144381322794877,0.0199700547021433,17,1017
"death","ecog1",0.523550488745969,0.0232871605474869,17,1017
"death","ecog2",1.09223078805042,0.0299714369401662,17,1017
"death","ecog3",1.5762090620414,0.0434587006461021,17,1017
"death","cancer.typeBladder",0.214156169668344,0.0351051180998398,17,1017
"death","cancer.typeKidney",0.222926481907825,0.0364987256049429,17,1017
"death","cancer.typeMelanoma",-0.185514368475586,0.0384988907806733,17,1017
"death","practice.typeCommunity",-0.0110680932882962,0.0215942348335154,17,1017
"death","initial.stageIV",0.350473026683695,0.0228375055159943,17,1017
"death","on.ici",-0.166132193725577,0.0275068938983312,17,1017
"irae","(Intercept)",-5.72512704814903,0.134598885525716,17,1017
"irae","ns(month, df = 3)1",-0.319831944161408,0.0751436099144691,17,1017
"irae","ns(month, df = 3)2",-0.26113378492131,0.11207893432414,17,1017
"irae","ns(month, df = 3)3",-0.188939395696084,0.0789294995340358,17,1017
"irae","age",0.00132101499881049,0.00166095493213549,17,1017
"irae","sexFemale",0.0870125890445307,0.0312400417300474,17,1017
"irae","ecog1",-0.0162754143635287,0.0335859725585867,17,1017
"irae","ecog2",-0.267905036160549,0.0660532516592577,17,1017
"irae","ecog3",0.036900644327652,0.109972332077757,17,1017
"irae","cancer.typeBladder",-0.2653493990612,0.0663236092234038,17,1017
"irae","cancer.typeKidney",-0.0922820595366279,0.0624001039984669,17,1017
"irae","cancer.typeMelanoma",-0.236076806641154,0.0636557940894378,17,1017
"irae","practice.typeCommunity",-0.0824061199868798,0.0334280474330328,17,1017
"irae","tx.combo",0.15170865343918,0.0315561549123047,17,1017
"irae","pd.l1Low",0.012915622494343,0.037166356672478,17,1017
"irae","pd.l1High",0.182486048151193,0.0407447654938207,17,1017
"irae","on.ici",0.121104352647874,0.0466292024787277,17,1017
"death","(Intercept)",-8.72716030422353,0.0940908493064386,18,1018
"death","ns(month, df = 3)1",0.491225299730992,0.0475859322050444,18,1018
"death","ns(month, df = 3)2",0.608352640578112,0.0824267231556831,18,1018
"death","ns(month, df = 3)3",0.721465764144246,0.0431989832453067,18,1018
"death","age",0.0453106016314506,0.00107264832530969,18,1018
"death","sexFemale",-0.0334931818304822,0.01993015499034,18,1018
"death","ecog1",0.581866684874411,0.0232844496526979,18,1018
"death","ecog2",1.08641737486393,0.0300092664675067,18,1018
"death","ecog3",1.4696096818036,0.0464167392537175,18,1018
"death","cancer.typeBladder",0.111464759879163,0.0348447453819456,18,1018
"death","cancer.typeKidney",0.211411497785578,0.0356308103360056,18,1018
"death","cancer.typeMelanoma",-0.102182642926173,0.0374164601187334,18,1018
"death","practice.typeCommunity",0.0426551672077277,0.0217642847889532,18,1018
"death","initial.stageIV",0.45752426974783,0.0230545703341504,18,1018
"death","on.ici",-0.195822797992025,0.0272486682433891,18,1018
"irae","(Intercept)",-6.33548396006075,0.141946646292166,18,1018
"irae","ns(month, df = 3)1",-0.226046315629094,0.0774510960104399,18,1018
"irae","ns(month, df = 3)2",0.196194311912215,0.118211891085731,18,1018
"irae","ns(month, df = 3)3",0.177250914970791,0.0829944773092183,18,1018
"irae","age",-0.000471202616495634,0.00172942525269298,18,1018
"irae","sexFemale",0.133949971167,0.0326342387395671,18,1018
"irae","ecog1",-0.0781421259511448,0.0361029386541379,18,1018
"irae","ecog2",0.0569626297694477,0.0600988606091992,18,1018
"irae","ecog3",-0.369680960876295,0.141530989609328,18,1018
"irae","cancer.typeBladder",-0.269236294191737,0.070501382535573,18,1018
"irae","cancer.typeKidney",-0.0883483246098232,0.0628612274963473,18,1018
"irae","cancer.typeMelanoma",-0.212147614949195,0.0663109106458842,18,1018
"irae","practice.typeCommunity",0.00472400187447279,0.035720136372039,18,1018
"irae","tx.combo",0.463411977221523,0.033203053934645,18,1018
"irae","pd.l1Low",-0.144935256972552,0.0394773338377965,18,1018
"irae","pd.l1High",0.118767275365417,0.0426804784928592,18,1018
"irae","on.ici",0.518388741340872,0.0506113510132529,18,1018
"death","(Intercept)",-9.20904364377298,0.0955380601587577,19,1019
"death","ns(month, df = 3)1",0.520399099464549,0.0477256093741435,19,1019
"death","ns(month, df = 3)2",1.16688598080289,0.0853135099811053,19,1019
"death","ns(month, df = 3)3",1.11036346203791,0.0432162937742485,19,1019
"death","age",0.0466857310304281,0.0010767469304458,19,1019
"death","sexFemale",0.0363937688871379,0.0199386561323405,19,1019
"death","ecog1",0.748430076483391,0.0236836340734596,19,1019
"death","ecog2",1.28366921695394,0.030727429811287,19,1019
"death","ecog3",1.74951367703011,0.0460826756209027,19,1019
"death","cancer.typeBladder",0.286987724817535,0.0346536193478232,19,1019
"death","cancer.typeKidney",0.155528056547697,0.0367428770909826,19,1019
"death","cancer.typeMelanoma",-0.0453718508053887,0.0381722664818172,19,1019
"death","practice.typeCommunity",0.0341975110975645,0.0218965953191181,19,1019
"death","initial.stageIV",0.298110981096777,0.0226218326784724,19,1019
"death","on.ici",-0.011029711956493,0.0277244155788318,19,1019
"irae","(Intercept)",-6.06510299211486,0.13939457222926,19,1019
"irae","ns(month, df = 3)1",-0.455617985463312,0.078349513483232,19,1019
"irae","ns(month, df = 3)2",-0.291723301709268,0.113266837050382,19,1019
"irae","ns(month, df = 3)3",-0.353120292827612,0.0854443298395764,19,1019
"irae","age",-0.00338799042619209,0.00170246437048294,19,1019
"irae","sexFemale",0.258458730659476,0.0319842469057902,19,1019
"irae","ecog1",0.0145595841003511,0.0349921341460498,19,1019
"irae","ecog2",0.1888945414408,0.0589321700548323,19,1019
"irae","ecog3",0.119108844884465,0.12151114418487,19,1019
"irae","cancer.typeBladder",0.228958050155315,0.0592295413042695,19,1019
"irae","cancer.typeKidney",0.286679215176188,0.057142825212299,19,1019
"irae","cancer.typeMelanoma",0.170330501248446,0.0590345025777771,19,1019
"irae","practice.typeCommunity",0.117346134285338,0.035672996747072,19,1019
"irae","tx.combo",0.32577302702814,0.0323672182370151,19,1019
"irae","pd.l1Low",0.0218402396018013,0.0388294344419889,19,1019
"irae","pd.l1High",0.455641350459085,0.0408441717926068,19,1019
"irae","on.ici",0.239940448938364,0.0490735350751544,19,1019
"death","(Intercept)",-9.13797050804693,0.0930554407429944,20,1020
"death","ns(month, df = 3)1",0.507891431551701,0.0473073345716506,20,1020
"death","ns(month, df = 3)2",0.789135574862552,0.0825290035466025,20,1020
"death","ns(month, df = 3)3",0.916887245810026,0.0432852360242635,20,1020
"death","age",0.0503342030282678,0.00105277777307632,20,1020
"death","sexFemale",-0.00588724626073499,0.0198489806604983,20,1020
"death","ecog1",0.575063938878395,0.023141054327522,20,1020
"death","ecog2",0.986852212891527,0.0313482734248154,20,1020
"death","ecog3",1.31735876696915,0.0445284816676606,20,1020
"death","cancer.typeBladder",0.14953783546477,0.0348681448584944,20,1020
"death","cancer.typeKidney",0.19004536629054,0.0355240379660734,20,1020
"death","cancer.typeMelanoma",-0.184678742350889,0.0375390614506649,20,1020
"death","practice.typeCommunity",0.0480223043532869,0.0220284822516438,20,1020
"death","initial.stageIV",0.276468454713691,0.0227438474308553,20,1020
"death","on.ici",-0.0152028945696744,0.0275991417784335,20,1020
"irae","(Intercept)",-5.56277823131434,0.141063884307147,20,1020
"irae","ns(month, df = 3)1",-0.234470277910518,0.0800852190687314,20,1020
"irae","ns(month, df = 3)2",-0.72543806729889,0.115205641685207,20,1020
"irae","ns(month, df = 3)3",-0.133493997253689,0.0833126086360284,20,1020
"irae","age",-0.00370565669237728,0.00173553055303149,20,1020
"irae","sexFemale",0.195726717400157,0.0333507278066275,20,1020
"irae","ecog1",0.130151568697261,0.0357629578614535,20,1020
"irae","ecog2",-0.118348017802695,0.0691481551293017,20,1020
"irae","ecog3",-0.151282335532239,0.123166537526327,20,1020
"irae","cancer.typeBladder",-0.308983096786512,0.0727045351236833,20,1020
"irae","cancer.typeKidney",-0.343124195738763,0.0729853454839825,20,1020
"irae","cancer.typeMelanoma",0.0893017047977002,0.0617579160595652,20,1020
"irae","practice.typeCommunity",-0.136876830105238,0.0359144002270402,20,1020
"irae","tx.combo",0.359491463938647,0.0339389026238958,20,1020
"irae","pd.l1Low",-0.131349194582447,0.040545950482656,20,1020
"irae","pd.l1High",0.288251533211272,0.0424551735711494,20,1020
"irae","on.ici",0.185249366901346,0.0502055012076969,20,1020
