"strategy","month","true.surv.death","true.surv.irae"
"disc.6mo",1,0.994033333333333,0.996
"disc.6mo",2,0.988633333333333,0.992133333333333
"disc.6mo",3,0.982266666666667,0.9884
"disc.6mo",4,0.976166666666667,0.984266666666667
"disc.6mo",5,0.969066666666667,0.980133333333333
"disc.6mo",6,0.961033333333333,0.9774
"disc.6mo",7,0.953066666666667,0.974633333333333
"disc.6mo",8,0.945733333333333,0.971466666666667
"disc.6mo",9,0.939233333333333,0.9682
"disc.6mo",10,0.931933333333333,0.965166666666667
"disc.6mo",11,0.924033333333333,0.962833333333333
"disc.6mo",12,0.915666666666667,0.960166666666667
"disc.6mo",13,0.9077,0.9577
"disc.6mo",14,0.900233333333333,0.955866666666667
"disc.6mo",15,0.892433333333333,0.953833333333333
"disc.6mo",16,0.8855,0.951633333333333
"disc.6mo",17,0.878033333333333,0.9495
"disc.6mo",18,0.870366666666667,0.947566666666667
"disc.6mo",19,0.863333333333333,0.945533333333333
"disc.6mo",20,0.855233333333333,0.9439
"disc.6mo",21,0.847166666666667,0.941933333333333
"disc.6mo",22,0.8391,0.940266666666667
"disc.6mo",23,0.8313,0.938133333333333
"disc.6mo",24,0.823966666666667,0.936433333333333
"disc.6mo",25,0.816533333333333,0.934733333333333
"disc.6mo",26,0.808233333333333,0.932666666666667
"disc.6mo",27,0.800066666666667,0.931233333333333
"disc.6mo",28,0.792433333333333,0.929733333333333
"disc.6mo",29,0.783933333333333,0.928433333333333
"disc.6mo",30,0.7755,0.926833333333333
"disc.6mo",31,0.7671,0.9252
"disc.6mo",32,0.758733333333333,0.9233
"disc.6mo",33,0.7512,0.9213
"disc.6mo",34,0.744,0.919666666666667
"disc.6mo",35,0.7368,0.918166666666667
"disc.6mo",36,0.7299,0.9166
"disc.6mo",37,0.722133333333333,0.914766666666667
"disc.6mo",38,0.713933333333333,0.9134
"disc.6mo",39,0.706166666666667,0.911666666666667
"disc.6mo",40,0.698033333333333,0.9101
"disc.6mo",41,0.690966666666667,0.9083
"disc.6mo",42,0.6836,0.9068
"disc.6mo",43,0.676166666666667,0.905266666666667
"disc.6mo",44,0.668066666666667,0.9035
"disc.6mo",45,0.660366666666667,0.901833333333333
"disc.6mo",46,0.652,0.900433333333333
"disc.6mo",47,0.6452,0.8989
"disc.6mo",48,0.6379,0.897333333333333
"disc.12mo",1,0.994033333333333,0.996
"disc.12mo",2,0.988633333333333,0.992133333333333
"disc.12mo",3,0.982266666666667,0.9884
"disc.12mo",4,0.976166666666667,0.984266666666667
"disc.12mo",5,0.969066666666667,0.980133333333333
"disc.12mo",6,0.962566666666667,0.976066666666667
"disc.12mo",7,0.956233333333333,0.972233333333333
"disc.12mo",8,0.950133333333333,0.9683
"disc.12mo",9,0.944733333333333,0.964066666666667
"disc.12mo",10,0.9387,0.96
"disc.12mo",11,0.932333333333333,0.956766666666667
"disc.12mo",12,0.923933333333333,0.954033333333333
"disc.12mo",13,0.915933333333333,0.951533333333333
"disc.12mo",14,0.9083,0.9497
"disc.12mo",15,0.9005,0.947666666666667
"disc.12mo",16,0.8935,0.9455
"disc.12mo",17,0.886033333333333,0.943366666666667
"disc.12mo",18,0.878333333333333,0.9414
"disc.12mo",19,0.8713,0.939366666666667
"disc.12mo",20,0.863233333333333,0.937666666666667
"disc.12mo",21,0.854966666666667,0.935733333333333
"disc.12mo",22,0.846866666666667,0.934133333333333
"disc.12mo",23,0.839033333333333,0.932
"disc.12mo",24,0.831733333333333,0.9303
"disc.12mo",25,0.8242,0.928566666666667
"disc.12mo",26,0.815833333333333,0.926466666666667
"disc.12mo",27,0.807433333333333,0.925033333333333
"disc.12mo",28,0.7998,0.923533333333333
"disc.12mo",29,0.791133333333333,0.922233333333333
"disc.12mo",30,0.7827,0.920633333333333
"disc.12mo",31,0.774166666666667,0.919033333333333
"disc.12mo",32,0.765666666666667,0.9171
"disc.12mo",33,0.758166666666667,0.9151
"disc.12mo",34,0.751,0.913433333333333
"disc.12mo",35,0.7438,0.911933333333333
"disc.12mo",36,0.7368,0.910333333333333
"disc.12mo",37,0.7289,0.9085
"disc.12mo",38,0.720633333333333,0.907133333333333
"disc.12mo",39,0.712833333333333,0.9054
"disc.12mo",40,0.704533333333333,0.903833333333333
"disc.12mo",41,0.697433333333333,0.902033333333333
"disc.12mo",42,0.6901,0.900566666666667
"disc.12mo",43,0.682633333333333,0.899033333333333
"disc.12mo",44,0.674433333333333,0.897266666666667
"disc.12mo",45,0.666766666666667,0.8956
"disc.12mo",46,0.6584,0.894233333333333
"disc.12mo",47,0.651666666666667,0.892666666666667
"disc.12mo",48,0.644333333333333,0.8911
"disc.18mo",1,0.994033333333333,0.996
"disc.18mo",2,0.988633333333333,0.992133333333333
"disc.18mo",3,0.982266666666667,0.9884
"disc.18mo",4,0.976166666666667,0.984266666666667
"disc.18mo",5,0.969066666666667,0.980133333333333
"disc.18mo",6,0.962566666666667,0.976066666666667
"disc.18mo",7,0.956233333333333,0.972233333333333
"disc.18mo",8,0.950133333333333,0.9683
"disc.18mo",9,0.944733333333333,0.964066666666667
"disc.18mo",10,0.9387,0.96
"disc.18mo",11,0.932333333333333,0.956766666666667
"disc.18mo",12,0.925433333333333,0.953233333333333
"disc.18mo",13,0.9186,0.949966666666667
"disc.18mo",14,0.9122,0.9476
"disc.18mo",15,0.9057,0.944633333333333
"disc.18mo",16,0.9,0.941633333333333
"disc.18mo",17,0.8939,0.939066666666667
"disc.18mo",18,0.886166666666667,0.937066666666667
"disc.18mo",19,0.878933333333333,0.934966666666667
"disc.18mo",20,0.870833333333333,0.933266666666667
"disc.18mo",21,0.8624,0.9313
"disc.18mo",22,0.854033333333333,0.9297
"disc.18mo",23,0.8462,0.9276
"disc.18mo",24,0.838666666666667,0.9259
"disc.18mo",25,0.831066666666667,0.924133333333333
"disc.18mo",26,0.822666666666667,0.922
"disc.18mo",27,0.814066666666667,0.920566666666667
"disc.18mo",28,0.806433333333333,0.919
"disc.18mo",29,0.797666666666667,0.9177
"disc.18mo",30,0.7891,0.9161
"disc.18mo",31,0.780566666666667,0.9145
"disc.18mo",32,0.772066666666667,0.912566666666667
"disc.18mo",33,0.764466666666667,0.9106
"disc.18mo",34,0.757166666666667,0.9089
"disc.18mo",35,0.7499,0.907433333333333
"disc.18mo",36,0.742833333333333,0.905733333333333
"disc.18mo",37,0.734966666666667,0.9039
"disc.18mo",38,0.7266,0.902533333333333
"disc.18mo",39,0.718833333333333,0.9008
"disc.18mo",40,0.7105,0.899233333333333
"disc.18mo",41,0.703366666666667,0.897466666666667
"disc.18mo",42,0.6961,0.896
"disc.18mo",43,0.688666666666667,0.894433333333333
"disc.18mo",44,0.6804,0.8927
"disc.18mo",45,0.6727,0.891033333333333
"disc.18mo",46,0.6643,0.889633333333333
"disc.18mo",47,0.6576,0.888066666666667
"disc.18mo",48,0.650133333333333,0.8865
"disc.24mo",1,0.994033333333333,0.996
"disc.24mo",2,0.988633333333333,0.992133333333333
"disc.24mo",3,0.982266666666667,0.9884
"disc.24mo",4,0.976166666666667,0.984266666666667
"disc.24mo",5,0.969066666666667,0.980133333333333
"disc.24mo",6,0.962566666666667,0.976066666666667
"disc.24mo",7,0.956233333333333,0.972233333333333
"disc.24mo",8,0.950133333333333,0.9683
"disc.24mo",9,0.944733333333333,0.964066666666667
"disc.24mo",10,0.9387,0.96
"disc.24mo",11,0.932333333333333,0.956766666666667
"disc.24mo",12,0.925433333333333,0.953233333333333
"disc.24mo",13,0.9186,0.949966666666667
"disc.24mo",14,0.9122,0.9476
"disc.24mo",15,0.9057,0.944633333333333
"disc.24mo",16,0.9,0.941633333333333
"disc.24mo",17,0.8939,0.939066666666667
"disc.24mo",18,0.8877,0.936366666666667
"disc.24mo",19,0.881566666666667,0.933166666666667
"disc.24mo",20,0.8747,0.930733333333333
"disc.24mo",21,0.867933333333333,0.928066666666667
"disc.24mo",22,0.860966666666667,0.925733333333333
"disc.24mo",23,0.8546,0.9228
"disc.24mo",24,0.846833333333333,0.921133333333333
"disc.24mo",25,0.839233333333333,0.919366666666667
"disc.24mo",26,0.830766666666667,0.917233333333333
"disc.24mo",27,0.8221,0.9158
"disc.24mo",28,0.814366666666667,0.9142
"disc.24mo",29,0.805466666666667,0.912866666666667
"disc.24mo",30,0.796833333333333,0.911266666666667
"disc.24mo",31,0.7881,0.909666666666667
"disc.24mo",32,0.7796,0.907733333333333
"disc.24mo",33,0.771966666666667,0.905666666666667
"disc.24mo",34,0.7646,0.903966666666667
"disc.24mo",35,0.757166666666667,0.9025
"disc.24mo",36,0.7499,0.9008
"disc.24mo",37,0.741933333333333,0.899
"disc.24mo",38,0.733466666666667,0.897633333333333
"disc.24mo",39,0.7257,0.8959
"disc.24mo",40,0.717233333333333,0.894333333333333
"disc.24mo",41,0.7101,0.892566666666667
"disc.24mo",42,0.702766666666667,0.891066666666667
"disc.24mo",43,0.695366666666667,0.889566666666667
"disc.24mo",44,0.687,0.8878
"disc.24mo",45,0.679333333333333,0.8861
"disc.24mo",46,0.670966666666667,0.8847
"disc.24mo",47,0.6642,0.8831
"disc.24mo",48,0.6567,0.881533333333333
"disc.30mo",1,0.994033333333333,0.996
"disc.30mo",2,0.988633333333333,0.992133333333333
"disc.30mo",3,0.982266666666667,0.9884
"disc.30mo",4,0.976166666666667,0.984266666666667
"disc.30mo",5,0.969066666666667,0.980133333333333
"disc.30mo",6,0.962566666666667,0.976066666666667
"disc.30mo",7,0.956233333333333,0.972233333333333
"disc.30mo",8,0.950133333333333,0.9683
"disc.30mo",9,0.944733333333333,0.964066666666667
"disc.30mo",10,0.9387,0.96
"disc.30mo",11,0.932333333333333,0.956766666666667
"disc.30mo",12,0.925433333333333,0.953233333333333
"disc.30mo",13,0.9186,0.949966666666667
"disc.30mo",14,0.9122,0.9476
"disc.30mo",15,0.9057,0.944633333333333
"disc.30mo",16,0.9,0.941633333333333
"disc.30mo",17,0.8939,0.939066666666667
"disc.30mo",18,0.8877,0.936366666666667
"disc.30mo",19,0.881566666666667,0.933166666666667
"disc.30mo",20,0.8747,0.930733333333333
"disc.30mo",21,0.867933333333333,0.928066666666667
"disc.30mo",22,0.860966666666667,0.925733333333333
"disc.30mo",23,0.8546,0.9228
"disc.30mo",24,0.848033333333333,0.9205
"disc.30mo",25,0.8416,0.918166666666667
"disc.30mo",26,0.8347,0.915366666666667
"disc.30mo",27,0.827433333333333,0.913366666666667
"disc.30mo",28,0.821233333333333,0.911033333333333
"disc.30mo",29,0.8141,0.908833333333333
"disc.30mo",30,0.805233333333333,0.9072
"disc.30mo",31,0.796333333333333,0.905566666666667
"disc.30mo",32,0.787733333333333,0.9036
"disc.30mo",33,0.780133333333333,0.901533333333333
"disc.30mo",34,0.772766666666667,0.899833333333333
"disc.30mo",35,0.765033333333333,0.898366666666667
"disc.30mo",36,0.757633333333333,0.896666666666667
"disc.30mo",37,0.749533333333333,0.894866666666667
"disc.30mo",38,0.7408,0.893466666666667
"disc.30mo",39,0.733033333333333,0.891733333333333
"disc.30mo",40,0.7245,0.890166666666667
"disc.30mo",41,0.717433333333333,0.8884
"disc.30mo",42,0.710033333333333,0.8869
"disc.30mo",43,0.702566666666667,0.885366666666667
"disc.30mo",44,0.694,0.8836
"disc.30mo",45,0.686333333333333,0.881933333333333
"disc.30mo",46,0.677833333333333,0.880533333333333
"disc.30mo",47,0.6708,0.878933333333333
"disc.30mo",48,0.6633,0.877333333333333
"disc.36mo",1,0.994033333333333,0.996
"disc.36mo",2,0.988633333333333,0.992133333333333
"disc.36mo",3,0.982266666666667,0.9884
"disc.36mo",4,0.976166666666667,0.984266666666667
"disc.36mo",5,0.969066666666667,0.980133333333333
"disc.36mo",6,0.962566666666667,0.976066666666667
"disc.36mo",7,0.956233333333333,0.972233333333333
"disc.36mo",8,0.950133333333333,0.9683
"disc.36mo",9,0.944733333333333,0.964066666666667
"disc.36mo",10,0.9387,0.96
"disc.36mo",11,0.932333333333333,0.956766666666667
"disc.36mo",12,0.925433333333333,0.953233333333333
"disc.36mo",13,0.9186,0.949966666666667
"disc.36mo",14,0.9122,0.9476
"disc.36mo",15,0.9057,0.944633333333333
"disc.36mo",16,0.9,0.941633333333333
"disc.36mo",17,0.8939,0.939066666666667
"disc.36mo",18,0.8877,0.936366666666667
"disc.36mo",19,0.881566666666667,0.933166666666667
"disc.36mo",20,0.8747,0.930733333333333
"disc.36mo",21,0.867933333333333,0.928066666666667
"disc.36mo",22,0.860966666666667,0.925733333333333
"disc.36mo",23,0.8546,0.9228
"disc.36mo",24,0.848033333333333,0.9205
"disc.36mo",25,0.8416,0.918166666666667
"disc.36mo",26,0.8347,0.915366666666667
"disc.36mo",27,0.827433333333333,0.913366666666667
"disc.36mo",28,0.821233333333333,0.911033333333333
"disc.36mo",29,0.8141,0.908833333333333
"disc.36mo",30,0.806733333333333,0.906533333333333
"disc.36mo",31,0.799633333333333,0.904233333333333
"disc.36mo",32,0.792533333333333,0.9017
"disc.36mo",33,0.785966666666667,0.899
"disc.36mo",34,0.779566666666667,0.896766666666667
"disc.36mo",35,0.772933333333333,0.894733333333333
"disc.36mo",36,0.7655,0.893033333333333
"disc.36mo",37,0.7573,0.8912
"disc.36mo",38,0.748533333333333,0.889766666666667
"disc.36mo",39,0.740633333333333,0.888033333333333
"disc.36mo",40,0.731933333333333,0.886433333333333
"disc.36mo",41,0.724833333333333,0.884666666666667
"disc.36mo",42,0.717333333333333,0.883166666666667
"disc.36mo",43,0.709833333333333,0.8817
"disc.36mo",44,0.7012,0.8799
"disc.36mo",45,0.6933,0.8782
"disc.36mo",46,0.684766666666667,0.8768
"disc.36mo",47,0.677633333333333,0.8752
"disc.36mo",48,0.6701,0.8736
"disc.42mo",1,0.994033333333333,0.996
"disc.42mo",2,0.988633333333333,0.992133333333333
"disc.42mo",3,0.982266666666667,0.9884
"disc.42mo",4,0.976166666666667,0.984266666666667
"disc.42mo",5,0.969066666666667,0.980133333333333
"disc.42mo",6,0.962566666666667,0.976066666666667
"disc.42mo",7,0.956233333333333,0.972233333333333
"disc.42mo",8,0.950133333333333,0.9683
"disc.42mo",9,0.944733333333333,0.964066666666667
"disc.42mo",10,0.9387,0.96
"disc.42mo",11,0.932333333333333,0.956766666666667
"disc.42mo",12,0.925433333333333,0.953233333333333
"disc.42mo",13,0.9186,0.949966666666667
"disc.42mo",14,0.9122,0.9476
"disc.42mo",15,0.9057,0.944633333333333
"disc.42mo",16,0.9,0.941633333333333
"disc.42mo",17,0.8939,0.939066666666667
"disc.42mo",18,0.8877,0.936366666666667
"disc.42mo",19,0.881566666666667,0.933166666666667
"disc.42mo",20,0.8747,0.930733333333333
"disc.42mo",21,0.867933333333333,0.928066666666667
"disc.42mo",22,0.860966666666667,0.925733333333333
"disc.42mo",23,0.8546,0.9228
"disc.42mo",24,0.848033333333333,0.9205
"disc.42mo",25,0.8416,0.918166666666667
"disc.42mo",26,0.8347,0.915366666666667
"disc.42mo",27,0.827433333333333,0.913366666666667
"disc.42mo",28,0.821233333333333,0.911033333333333
"disc.42mo",29,0.8141,0.908833333333333
"disc.42mo",30,0.806733333333333,0.906533333333333
"disc.42mo",31,0.799633333333333,0.904233333333333
"disc.42mo",32,0.792533333333333,0.9017
"disc.42mo",33,0.785966666666667,0.899
"disc.42mo",34,0.779566666666667,0.896766666666667
"disc.42mo",35,0.772933333333333,0.894733333333333
"disc.42mo",36,0.766733333333333,0.892366666666667
"disc.42mo",37,0.7601,0.8898
"disc.42mo",38,0.7528,0.8876
"disc.42mo",39,0.7464,0.885266666666667
"disc.42mo",40,0.739233333333333,0.883166666666667
"disc.42mo",41,0.7335,0.880633333333333
"disc.42mo",42,0.725766666666667,0.879133333333333
"disc.42mo",43,0.718033333333333,0.877666666666667
"disc.42mo",44,0.709166666666667,0.8759
"disc.42mo",45,0.7012,0.874233333333333
"disc.42mo",46,0.6925,0.872833333333333
"disc.42mo",47,0.685266666666667,0.8712
"disc.42mo",48,0.677633333333333,0.8696
"cont",1,0.994033333333333,0.996
"cont",2,0.988633333333333,0.992133333333333
"cont",3,0.982266666666667,0.9884
"cont",4,0.976166666666667,0.984266666666667
"cont",5,0.969066666666667,0.980133333333333
"cont",6,0.962566666666667,0.976066666666667
"cont",7,0.956233333333333,0.972233333333333
"cont",8,0.950133333333333,0.9683
"cont",9,0.944733333333333,0.964066666666667
"cont",10,0.9387,0.96
"cont",11,0.932333333333333,0.956766666666667
"cont",12,0.925433333333333,0.953233333333333
"cont",13,0.9186,0.949966666666667
"cont",14,0.9122,0.9476
"cont",15,0.9057,0.944633333333333
"cont",16,0.9,0.941633333333333
"cont",17,0.8939,0.939066666666667
"cont",18,0.8877,0.936366666666667
"cont",19,0.881566666666667,0.933166666666667
"cont",20,0.8747,0.930733333333333
"cont",21,0.867933333333333,0.928066666666667
"cont",22,0.860966666666667,0.925733333333333
"cont",23,0.8546,0.9228
"cont",24,0.848033333333333,0.9205
"cont",25,0.8416,0.918166666666667
"cont",26,0.8347,0.915366666666667
"cont",27,0.827433333333333,0.913366666666667
"cont",28,0.821233333333333,0.911033333333333
"cont",29,0.8141,0.908833333333333
"cont",30,0.806733333333333,0.906533333333333
"cont",31,0.799633333333333,0.904233333333333
"cont",32,0.792533333333333,0.9017
"cont",33,0.785966666666667,0.899
"cont",34,0.779566666666667,0.896766666666667
"cont",35,0.772933333333333,0.894733333333333
"cont",36,0.766733333333333,0.892366666666667
"cont",37,0.7601,0.8898
"cont",38,0.7528,0.8876
"cont",39,0.7464,0.885266666666667
"cont",40,0.739233333333333,0.883166666666667
"cont",41,0.7335,0.880633333333333
"cont",42,0.727033333333333,0.878366666666667
"cont",43,0.7206,0.8764
"cont",44,0.7133,0.8742
"cont",45,0.706566666666667,0.8723
"cont",46,0.699333333333333,0.870333333333333
"cont",47,0.6934,0.868166666666667
"cont",48,0.687233333333333,0.8661
